,day_of_week,ride_count,avg_duration,avg_age
0,Fri,6589,12.227803915616937,1975.500379420246
1,Mon,5124,12.25663544106167,1975.4820452771273
2,Sat,4963,12.904291759016724,1976.9780374773322
3,Sun,4337,13.192990546460686,1976.813234955038
4,Thu,6205,12.01450443190975,1975.1756647864624
5,Tue,6414,12.003585905830995,1975.2811038353602
6,Wed,6478,12.22769373263353,1975.3317381907996
